index,word,start_ms,end_ms,start_time
1,Concrete,102.6,826.3,00:00:00.103
2,is,839.5,1010.5,00:00:00.839
3,the,1023.7,1115.8,00:00:01.024
4,most,1129.0,1497.4,00:00:01.129
5,widely,1510.5,2050.0,00:00:01.511
6,used,2063.2,2418.4,00:00:02.063
7,manufactured,2431.6,3313.2,00:00:02.432
8,material,3326.3,4050.0,00:00:03.326
9,on,4063.2,4273.7,00:00:04.063
10,Earth,4286.8,4721.0,00:00:04.287
11,It,5631.6,5802.6,00:00:05.632
12,forms,5815.8,6315.8,00:00:05.816
13,our,6329.0,6513.2,00:00:06.329
14,roads,6526.3,7052.7,00:00:06.526
15,our,7329.0,7500.0,00:00:07.329
16,bridges,7513.2,8118.4,00:00:07.513
17,our,8407.9,8592.1,00:00:08.408
18,dams,8605.2,9171.0,00:00:08.605
19,our,9460.5,9605.3,00:00:09.461
20,foundations,9618.4,10618.4,00:00:09.618
21,and,10960.5,11157.9,00:00:10.961
22,a,11171.0,11250.0,00:00:11.171
23,growing,11263.2,11723.7,00:00:11.263
24,share,11736.8,12171.0,00:00:11.737
25,of,12184.2,12315.8,00:00:12.184
26,the,12329.0,12434.2,00:00:12.329
27,cities,12447.4,12960.5,00:00:12.447
28,where,12973.7,13184.2,00:00:12.974
29,most,13197.4,13565.8,00:00:13.197
30,of,13579.0,13671.1,00:00:13.579
31,humanity,13684.2,14342.1,00:00:13.684
32,now,14355.2,14657.9,00:00:14.355
33,lives,14671.0,15236.8,00:00:14.671
34,The,16144.8,16302.6,00:00:16.145
35,binder,16315.8,16842.1,00:00:16.316
36,that,16855.2,17052.6,00:00:16.855
37,holds,17065.8,17460.5,00:00:17.066
38,concrete,17473.7,18105.2,00:00:17.474
39,together,18118.4,18710.5,00:00:18.118
40,ordinary,19039.5,19592.1,00:00:19.039
41,Portland,19605.2,20171.0,00:00:19.605
42,cement,20184.2,20710.5,00:00:20.184
43,is,21052.6,21223.7,00:00:21.053
44,also,21236.8,21697.4,00:00:21.237
45,one,21710.5,21921.1,00:00:21.711
46,of,21934.2,22052.6,00:00:21.934
47,the,22065.8,22144.7,00:00:22.066
48,most,22157.9,22500.0,00:00:22.158
49,carbon-intensive,22513.2,23552.6,00:00:22.513
50,commodities,23565.8,24342.1,00:00:23.566
51,we,24355.2,24500.0,00:00:24.355
52,produce,24513.2,25157.9,00:00:24.513
53,Global,26065.8,26552.6,00:00:26.066
54,cement,26565.8,27039.5,00:00:26.566
55,manufacturing,27052.6,28079.0,00:00:27.053
56,emits,28092.1,28552.7,00:00:28.092
57,roughly,28565.8,29079.0,00:00:28.566
58,2.8,29092.1,30026.3,00:00:29.092
59,gigatons,30039.5,30789.5,00:00:30.039
60,of,30802.6,30973.7,00:00:30.803
61,CO2,30986.8,31829.0,00:00:30.987
62,per,31842.1,32105.3,00:00:31.842
63,year,32118.4,32552.6,00:00:32.118
64,That's,33460.5,33776.3,00:00:33.461
65,about,33789.5,34171.0,00:00:33.789
66,8 percent,34184.2,34921.0,00:00:34.184
67,of,34934.2,35079.0,00:00:34.934
68,all,35092.1,35394.8,00:00:35.092
69,anthropogenic,35407.9,36302.6,00:00:35.408
70,CO2,36315.8,37171.0,00:00:36.316
71,emissions,37184.2,37973.7,00:00:37.184
72,Unlike,38881.6,39368.4,00:00:38.882
73,steel,39381.6,39907.9,00:00:39.382
74,or,39921.0,40105.2,00:00:39.921
75,ammonia,40118.4,40684.2,00:00:40.118
76,where,41013.2,41263.2,00:00:41.013
77,renewable,41276.3,41855.3,00:00:41.276
78,hydrogen,41868.4,42618.4,00:00:41.868
79,and,42631.6,42789.5,00:00:42.632
80,electric,42802.6,43355.2,00:00:42.803
81,heating,43368.4,43815.8,00:00:43.368
82,can,43829.0,44144.7,00:00:43.829
83,in,44157.9,44289.5,00:00:44.158
84,principle,44302.6,44881.6,00:00:44.303
85,eliminate,44894.8,45473.7,00:00:44.895
86,most,45486.8,45829.0,00:00:45.487
87,emissions,45842.1,46486.9,00:00:45.842
88,roughly,46829.0,47250.0,00:00:46.829
89,60 percent,47263.2,48263.2,00:00:47.263
90,of,48276.3,48407.9,00:00:48.276
91,cement,48421.0,48881.6,00:00:48.421
92,emissions,48894.8,49500.0,00:00:48.895
93,are,49513.2,49723.7,00:00:49.513
94,process,49736.8,50355.2,00:00:49.737
95,emissions,50368.4,51144.7,00:00:50.368
96,The,52052.6,52210.5,00:00:52.053
97,calcination,52223.7,53131.5,00:00:52.224
98,of,53144.8,53302.6,00:00:53.145
99,limestone,53315.8,54105.2,00:00:53.316
100,releases,54118.4,54750.0,00:00:54.118
101,CO2,54763.2,55671.0,00:00:54.763
102,regardless,55684.2,56447.4,00:00:55.684
103,of,56460.5,56605.3,00:00:56.461
104,the,56618.4,56723.7,00:00:56.618
105,fuel,56736.8,57079.0,00:00:56.737
106,source,57092.1,57697.4,00:00:57.092
107,Decarbonizing,58605.2,59657.9,00:00:58.605
108,cement,59671.0,60157.9,00:00:59.671
109,therefore,60171.0,60697.4,00:01:00.171
110,requires,60710.5,61355.3,00:01:00.711
111,new,61368.4,61618.4,00:01:01.368
112,chemistries,61631.6,62434.2,00:01:01.632
113,not,62736.8,63052.6,00:01:02.737
114,just,63065.8,63421.0,00:01:03.066
115,clean,63434.2,63842.1,00:01:03.434
116,kilns,63855.2,64434.2,00:01:03.855
117,This,65342.1,65644.8,00:01:05.342
118,is,65657.9,65802.6,00:01:05.658
119,a,65815.8,65868.4,00:01:05.816
120,materials-discovery,65881.6,67329.0,00:01:05.882
121,problem,67342.1,68026.3,00:01:07.342
122,The,68934.2,69092.1,00:01:08.934
123,pathways,69105.2,69802.6,00:01:09.105
124,to,69815.8,69947.4,00:01:09.816
125,low-carbon,69960.5,70697.4,00:01:09.961
126,cement,70710.5,71250.0,00:01:10.711
127,alternative,71592.1,72315.8,00:01:11.592
128,binders,72329.0,73000.0,00:01:12.329
129,alternative,73315.8,74052.6,00:01:13.316
130,clinkers,74065.8,74776.3,00:01:14.066
131,and,75092.1,75315.8,00:01:15.092
132,CO2-cured,75329.0,76697.3,00:01:15.329
133,concrete,76710.5,77434.2,00:01:16.711
134,all,77763.2,77973.7,00:01:17.763
135,depend,77986.8,78513.2,00:01:17.987
136,on,78526.3,78736.9,00:01:18.526
137,phases,78750.0,79329.0,00:01:18.750
138,that,79342.1,79552.7,00:01:19.342
139,are,79565.8,79710.5,00:01:19.566
140,amorphous,79723.7,80447.3,00:01:19.724
141,metastable,80750.0,81644.8,00:01:20.750
142,or,81960.5,82092.1,00:01:21.961
143,multi-component,82105.2,83250.0,00:01:22.105
144,These,84157.9,84486.8,00:01:24.158
145,are,84500.0,84671.0,00:01:24.500
146,exactly,84684.2,85342.1,00:01:24.684
147,the,85355.2,85500.0,00:01:25.355
148,conditions,85513.2,86236.8,00:01:25.513
149,where,86250.0,86434.2,00:01:26.250
150,standard,86447.4,87026.3,00:01:26.447
151,computational,87039.5,87973.7,00:01:27.039
152,methods,87986.8,88486.8,00:01:27.987
153,fail,88500.0,88894.8,00:01:28.500
154,and,89236.8,89381.6,00:01:29.237
155,where,89394.8,89605.3,00:01:29.395
156,universal,89618.4,90289.5,00:01:29.618
157,machine-learning,90302.6,91171.0,00:01:30.303
158,interatomic,91184.2,92026.3,00:01:31.184
159,potentials,92039.5,92710.5,00:01:32.039
160,systematically,92723.7,93618.4,00:01:32.724
161,soften,93631.6,94197.4,00:01:33.632
162,the,94210.5,94302.7,00:01:34.211
163,potential,94315.8,95000.0,00:01:34.316
164,energy,95013.2,95486.8,00:01:35.013
165,surface,95500.0,96210.5,00:01:35.500
166,Lupine's,97118.4,97671.0,00:01:37.118
167,correction-and-verification,97684.2,99368.4,00:01:37.684
168,method,99381.6,99842.1,00:01:39.382
169,was,99855.2,100052.6,00:01:39.855
170,built,100065.8,100421.0,00:01:40.066
171,for,100434.2,100644.7,00:01:40.434
172,precisely,100657.9,101394.7,00:01:40.658
173,this,101407.9,101684.2,00:01:41.408
174,geometry,101697.4,102539.5,00:01:41.697
175,of,102552.6,102723.7,00:01:42.553
176,wrongness,102736.8,103447.4,00:01:42.737
177,It,104355.2,104526.3,00:01:44.355
178,measures,104539.5,105065.8,00:01:44.539
179,the,105079.0,105210.5,00:01:45.079
180,error,105223.7,105644.7,00:01:45.224
181,field,105657.9,106092.1,00:01:45.658
182,over,106105.2,106407.9,00:01:46.105
183,local,106421.0,106828.9,00:01:46.421
184,coordination,106842.1,107618.5,00:01:46.842
185,environments,107631.6,108565.8,00:01:47.632
186,adds,108894.8,109210.5,00:01:48.895
187,analytic,109223.7,109842.1,00:01:49.224
188,corrections,109855.2,110618.4,00:01:49.855
189,at,110631.6,110855.2,00:01:50.632
190,runtime,110868.4,111486.8,00:01:50.868
191,and,111802.6,111947.4,00:01:51.803
192,proves,111960.5,112460.5,00:01:51.961
193,which,112473.7,112723.7,00:01:52.474
194,predictions,112736.8,113460.5,00:01:52.737
195,are,113473.7,113671.0,00:01:53.474
196,supported,113684.2,114407.9,00:01:53.684
197,and,114421.0,114657.9,00:01:54.421
198,which,114671.0,114921.0,00:01:54.671
199,are,114934.2,115065.8,00:01:54.934
200,synthesis-dependent,115079.0,116421.1,00:01:55.079
201,Portland,117329.0,117881.6,00:01:57.329
202,cement,117894.8,118381.6,00:01:57.895
203,is,118394.8,118565.8,00:01:58.395
204,made,118579.0,118921.1,00:01:58.579
205,by,118934.2,119092.1,00:01:58.934
206,heating,119105.2,119526.3,00:01:59.105
207,limestone,119539.5,120276.3,00:01:59.539
208,clay,120605.2,121013.1,00:02:00.605
209,and,121329.0,121539.5,00:02:01.329
210,small,121552.6,121973.7,00:02:01.553
211,amounts,121986.8,122434.2,00:02:01.987
212,of,122447.4,122592.1,00:02:02.447
213,iron,122605.2,123078.9,00:02:02.605
214,and,123092.1,123289.5,00:02:03.092
215,aluminum,123302.6,123960.5,00:02:03.303
216,raw,123973.7,124210.5,00:02:03.974
217,materials,124223.7,125026.3,00:02:04.224
218,to,125039.5,125184.2,00:02:05.039
219,about,125197.4,125539.5,00:02:05.197
220,"1,450 degrees",125552.6,128026.3,00:02:05.553
221,Celsius,128039.5,128723.7,00:02:08.039
222,in,128736.8,128921.0,00:02:08.737
223,a,128934.2,128986.8,00:02:08.934
224,rotary,129000.0,129513.2,00:02:09.000
225,kiln,129526.3,130039.5,00:02:09.526
226,The,130947.4,131105.2,00:02:10.947
227,product,131118.4,131802.6,00:02:11.118
228,called,132131.6,132526.3,00:02:12.132
229,clinker,132539.5,133144.7,00:02:12.539
230,is,133486.8,133644.7,00:02:13.487
231,ground,133657.9,134144.7,00:02:13.658
232,with,134157.9,134381.6,00:02:14.158
233,gypsum,134394.8,134973.7,00:02:14.395
234,and,134986.8,135223.7,00:02:14.987
235,often,135236.8,135697.4,00:02:15.237
236,with,135710.5,135894.7,00:02:15.711
237,supplementary,135907.9,136723.7,00:02:15.908
238,cementitious,136736.8,137552.6,00:02:16.737
239,materials,137565.8,138302.6,00:02:17.566
240,such,138315.8,138631.6,00:02:18.316
241,as,138644.8,138855.3,00:02:18.645
242,fly,138868.4,139223.7,00:02:18.868
243,ash,139236.8,139631.6,00:02:19.237
244,or,139644.8,139829.0,00:02:19.645
245,blast-furnace,139842.1,140710.5,00:02:19.842
246,slag,140723.7,141223.7,00:02:20.724
247,The,142131.6,142276.3,00:02:22.132
248,resulting,142289.5,142934.2,00:02:22.289
249,powder,142947.4,143381.6,00:02:22.947
250,hydrates,143394.8,144105.3,00:02:23.395
251,when,144118.4,144342.1,00:02:24.118
252,mixed,144355.2,144789.5,00:02:24.355
253,with,144802.6,144973.7,00:02:24.803
254,water,144986.8,145513.2,00:02:24.987
255,forming,145842.1,146302.7,00:02:25.842
256,calcium-silicate-hydrate,146315.8,147973.7,00:02:26.316
257,gel,147986.8,148381.6,00:02:27.987
258,the,148723.7,148855.2,00:02:28.724
259,binding,148868.4,149368.4,00:02:28.868
260,phase,149381.6,149829.0,00:02:29.382
261,that,149842.1,150065.8,00:02:29.842
262,gives,150079.0,150368.4,00:02:30.079
263,hardened,150381.6,150934.2,00:02:30.382
264,concrete,150947.4,151579.0,00:02:30.947
265,its,151592.1,151802.7,00:02:31.592
266,strength,151815.8,152394.7,00:02:31.816
267,The,153302.6,153447.4,00:02:33.303
268,emissions,153460.5,154144.7,00:02:33.461
269,come,154157.9,154486.9,00:02:34.158
270,from,154500.0,154789.5,00:02:34.500
271,two,154802.6,155079.0,00:02:34.803
272,sources,155092.1,155881.6,00:02:35.092
273,The,156789.5,156947.3,00:02:36.789
274,first,156960.5,157421.1,00:02:36.961
275,is,157434.2,157631.6,00:02:37.434
276,fuel,157644.8,157986.9,00:02:37.645
277,combustion,158000.0,158789.5,00:02:38.000
278,to,158802.6,158986.8,00:02:38.803
279,reach,159000.0,159368.4,00:02:39.000
280,kiln,159381.6,159763.2,00:02:39.382
281,temperature,159776.3,160513.2,00:02:39.776
282,This,161421.0,161736.8,00:02:41.421
283,roughly,161750.0,162236.8,00:02:41.750
284,40 percent,162250.0,163184.2,00:02:42.250
285,share,163197.4,163644.8,00:02:43.197
286,can,163657.9,163842.1,00:02:43.658
287,be,163855.2,164026.3,00:02:43.855
288,reduced,164039.5,164578.9,00:02:44.039
289,with,164592.1,164750.0,00:02:44.592
290,electrification,164763.2,165907.9,00:02:44.763
291,biomass,166210.5,167000.0,00:02:46.211
292,hydrogen,167315.8,168000.0,00:02:47.316
293,or,168329.0,168526.3,00:02:48.329
294,waste,168539.5,168907.9,00:02:48.539
295,heat,168921.0,169263.2,00:02:48.921
296,though,169605.2,169802.6,00:02:49.605
297,each,169815.8,170131.6,00:02:49.816
298,option,170144.8,170644.8,00:02:50.145
299,has,170657.9,170907.9,00:02:50.658
300,scaling,170921.0,171513.2,00:02:50.921
301,limits,171526.3,172144.7,00:02:51.526
302,The,173052.6,173210.5,00:02:53.053
303,second,173223.7,173776.3,00:02:53.224
304,larger,174092.1,174605.3,00:02:54.092
305,source,174618.4,175105.2,00:02:54.618
306,is,175118.4,175289.5,00:02:55.118
307,the,175302.6,175447.4,00:02:55.303
308,decomposition,175460.5,176447.4,00:02:55.461
309,of,176460.5,176605.3,00:02:56.461
310,calcium,176618.4,177276.3,00:02:56.618
311,carbonate,177289.5,177921.0,00:02:57.289
312,itself,177934.2,178618.4,00:02:57.934
313,As,179526.3,179776.3,00:02:59.526
314,long,179789.5,180105.2,00:02:59.789
315,as,180118.4,180289.5,00:03:00.118
316,limestone,180302.6,181079.0,00:03:00.303
317,is,181092.1,181263.2,00:03:01.092
318,the,181276.3,181394.7,00:03:01.276
319,primary,181407.9,182013.2,00:03:01.408
320,calcium,182026.3,182671.1,00:03:02.026
321,feedstock,182684.2,183421.0,00:03:02.684
322,CO2,183736.8,184671.0,00:03:03.737
323,is,184684.2,184868.4,00:03:04.684
324,an,184881.6,185000.0,00:03:04.882
325,intrinsic,185013.2,185723.7,00:03:05.013
326,product,185736.8,186250.0,00:03:05.737
327,of,186263.2,186407.9,00:03:06.263
328,the,186421.0,186513.2,00:03:06.421
329,chemistry,186526.3,187250.0,00:03:06.526
330,Alternative,188157.9,188960.5,00:03:08.158
331,binders,188973.7,189644.7,00:03:08.974
332,and,189657.9,189868.5,00:03:09.658
333,clinkers,189881.6,190579.0,00:03:09.882
334,aim,190592.1,190894.8,00:03:10.592
335,to,190907.9,191079.0,00:03:10.908
336,replace,191092.1,191684.2,00:03:11.092
337,or,191697.4,191934.2,00:03:11.697
338,reduce,191947.4,192434.2,00:03:11.947
339,the,192447.4,192592.1,00:03:12.447
340,lime,192605.2,192986.8,00:03:12.605
341,content,193000.0,193631.6,00:03:13.000
342,derived,193644.8,194210.5,00:03:13.645
343,from,194223.7,194473.7,00:03:14.224
344,calcium,194486.8,195105.2,00:03:14.487
345,carbonate,195118.4,195802.6,00:03:15.118
346,Calcined,196710.5,197394.7,00:03:16.711
347,clay,197407.9,197723.7,00:03:17.408
348,combined,197736.8,198381.6,00:03:17.737
349,with,198394.8,198565.8,00:03:18.395
350,limestone,198579.0,199355.3,00:03:18.579
351,can,199368.4,199605.2,00:03:19.368
352,cut,199618.4,199934.2,00:03:19.618
353,clinker,199947.4,200434.2,00:03:19.947
354,factors,200447.4,201105.2,00:03:20.447
355,by,201118.4,201329.0,00:03:21.118
356,30,201342.1,201829.0,00:03:21.342
357,to,201842.1,202000.0,00:03:21.842
358,50 percent,202013.2,203065.8,00:03:22.013
359,while,203079.0,203342.1,00:03:23.079
360,maintaining,203355.2,204013.1,00:03:23.355
361,performance,204026.3,204894.7,00:03:24.026
362,Geopolymers,205802.6,206868.4,00:03:25.803
363,made,207197.4,207513.2,00:03:27.197
364,from,207526.3,207763.2,00:03:27.526
365,alkali-activated,207776.3,209052.7,00:03:27.776
366,aluminosilicates,209065.8,210342.1,00:03:29.066
367,such,210355.2,210644.7,00:03:30.355
368,as,210657.9,210868.5,00:03:30.658
369,fly,210881.6,211236.8,00:03:30.882
370,ash,211250.0,211618.4,00:03:31.250
371,or,211631.6,211802.6,00:03:31.632
372,slag,211815.8,212329.0,00:03:31.816
373,avoid,212684.2,213144.7,00:03:32.684
374,Portland,213157.9,213723.7,00:03:33.158
375,chemistry,213736.8,214407.9,00:03:33.737
376,entirely,214421.0,215250.0,00:03:34.421
377,Belite-rich,216157.9,217000.0,00:03:36.158
378,or,217013.2,217210.5,00:03:37.013
379,calcium-sulfoaluminate,217223.7,218934.2,00:03:37.224
380,clinkers,218947.4,219618.4,00:03:38.947
381,can,219631.6,219829.0,00:03:39.632
382,be,219842.1,219973.7,00:03:39.842
383,fired,219986.8,220552.6,00:03:39.987
384,at,220565.8,220829.0,00:03:40.566
385,lower,220842.1,221197.4,00:03:40.842
386,temperatures,221210.5,222052.7,00:03:41.211
387,and,222065.8,222302.6,00:03:42.066
388,absorb,222315.8,222868.4,00:03:42.316
389,less,222881.6,223210.5,00:03:42.882
390,limestone-derived,223223.7,224421.0,00:03:43.224
391,CO2,224434.2,225381.6,00:03:44.434
392,And,226289.5,226500.0,00:03:46.289
393,CO2-cured,226513.2,227921.0,00:03:46.513
394,concrete,227934.2,228631.6,00:03:47.934
395,keeps,228644.8,229013.2,00:03:48.645
396,Portland,229026.3,229579.0,00:03:49.026
397,cement,229592.1,230079.0,00:03:49.592
398,chemistry,230092.1,230815.8,00:03:50.092
399,but,230829.0,231039.5,00:03:50.829
400,replaces,231052.6,231684.2,00:03:51.053
401,part,231697.4,232000.0,00:03:51.697
402,of,232013.2,232131.6,00:03:52.013
403,the,232144.8,232223.7,00:03:52.145
404,hydration,232236.8,232973.7,00:03:52.237
405,pathway,232986.8,233618.4,00:03:52.987
406,with,233631.6,233894.7,00:03:53.632
407,rapid,233907.9,234355.3,00:03:53.908
408,carbonation,234368.4,235236.8,00:03:54.368
409,turning,235565.8,235986.8,00:03:55.566
410,CO2,236000.0,236947.4,00:03:56.000
411,into,236960.5,237250.0,00:03:56.961
412,stable,237263.2,237789.5,00:03:57.263
413,calcium,237802.6,238407.9,00:03:57.803
414,carbonate,238421.0,239105.2,00:03:58.421
415,while,239118.4,239368.4,00:03:59.118
416,gaining,239381.6,239855.2,00:03:59.382
417,early,239868.4,240197.4,00:03:59.868
418,strength,240210.5,240789.5,00:04:00.211
419,None,241697.4,242026.3,00:04:01.697
420,of,242039.5,242184.2,00:04:02.039
421,these,242197.4,242486.8,00:04:02.197
422,routes,242500.0,242907.9,00:04:02.500
423,is,242921.0,243118.4,00:04:02.921
424,yet,243131.6,243381.6,00:04:03.132
425,deployable,243394.8,244276.3,00:04:03.395
426,at,244289.5,244434.2,00:04:04.289
427,the,244447.4,244552.6,00:04:04.447
428,scale,244565.8,245052.6,00:04:04.566
429,of,245065.8,245250.0,00:04:05.066
430,ordinary,245263.2,245842.1,00:04:05.263
431,cement,245855.2,246460.5,00:04:05.855
432,And,247368.4,247618.4,00:04:07.368
433,all,247631.6,247881.6,00:04:07.632
434,of,247894.8,248026.3,00:04:07.895
435,them,248039.5,248289.5,00:04:08.039
436,face,248302.6,248657.9,00:04:08.303
437,materials-science,248671.0,249868.4,00:04:08.671
438,bottlenecks,249881.6,250605.2,00:04:09.882
439,that,250618.4,250842.1,00:04:10.618
440,computation,250855.2,251802.6,00:04:10.855
441,can,251815.8,252013.2,00:04:11.816
442,address,252026.3,252565.8,00:04:12.026
443,provided,252907.9,253500.0,00:04:12.908
444,the,253513.2,253605.3,00:04:13.513
445,computation,253618.4,254526.3,00:04:13.618
446,is,254539.5,254750.0,00:04:14.539
447,trustworthy,254763.2,255657.9,00:04:14.763
448,Let's,256565.8,256921.0,00:04:16.566
449,look,256934.2,257210.5,00:04:16.934
450,at,257223.7,257447.3,00:04:17.224
451,three,257460.5,257829.0,00:04:17.461
452,discovery,257842.1,258539.5,00:04:17.842
453,fronts,258552.6,259184.2,00:04:18.553
454,First,260092.1,260644.8,00:04:20.092
455,alternative,260921.0,261671.0,00:04:20.921
456,binders,261684.2,262368.4,00:04:21.684
457,amorphous,262710.5,263315.8,00:04:22.711
458,networks,263329.0,264013.2,00:04:23.329
459,as,264026.3,264236.9,00:04:24.026
460,the,264250.0,264355.2,00:04:24.250
461,functional,264368.4,265000.0,00:04:24.368
462,phase,265013.2,265552.6,00:04:25.013
463,The,266460.5,266592.1,00:04:26.461
464,most,266605.2,266973.7,00:04:26.605
465,promising,266986.8,267618.4,00:04:26.987
466,alternative,267631.6,268381.6,00:04:27.632
467,binders,268394.8,269065.8,00:04:28.395
468,slag,269381.6,269921.0,00:04:29.382
469,fly,270197.4,270539.5,00:04:30.197
470,ash,270552.6,270947.4,00:04:30.553
471,calcined,271236.8,271868.4,00:04:31.237
472,clay,271881.6,272315.8,00:04:31.882
473,and,272671.0,272894.7,00:04:32.671
474,geopolymers,272907.9,273934.2,00:04:32.908
475,are,274276.3,274421.1,00:04:34.276
476,not,274434.2,274776.3,00:04:34.434
477,crystalline,274789.5,275381.6,00:04:34.789
478,minerals,275394.8,276026.3,00:04:35.395
479,that,276039.5,276276.3,00:04:36.039
480,can,276289.5,276473.7,00:04:36.289
481,be,276486.8,276631.6,00:04:36.487
482,solved,276644.8,277171.1,00:04:36.645
483,by,277184.2,277368.4,00:04:37.184
484,X-ray,277381.6,277894.7,00:04:37.382
485,diffraction,277907.9,278763.2,00:04:37.908
486,and,278776.3,278934.2,00:04:38.776
487,modeled,278947.4,279513.2,00:04:38.947
488,with,279526.3,279697.4,00:04:39.526
489,a,279710.5,279776.3,00:04:39.711
490,single,279789.5,280263.1,00:04:39.789
491,unit,280276.3,280657.9,00:04:40.276
492,cell,280671.0,281118.4,00:04:40.671
493,They,282026.3,282250.0,00:04:42.026
494,are,282263.2,282421.0,00:04:42.263
495,glasses,282434.2,283157.9,00:04:42.434
496,gels,283421.0,283947.4,00:04:43.421
497,or,284276.3,284447.4,00:04:44.276
498,nanocrystalline,284460.5,285447.4,00:04:44.461
499,assemblages,285460.5,286315.8,00:04:45.461
500,in,286329.0,286539.5,00:04:46.329
501,which,286552.6,286789.5,00:04:46.553
502,reactivity,286802.6,287750.0,00:04:46.803
503,and,287763.2,287960.5,00:04:47.763
504,durability,287973.7,288842.1,00:04:47.974
505,are,288855.2,289039.5,00:04:48.855
506,controlled,289052.6,289671.0,00:04:49.053
507,by,289684.2,289842.1,00:04:49.684
508,the,289855.2,289986.8,00:04:49.855
509,distribution,290000.0,290855.2,00:04:50.000
510,of,290868.4,291013.2,00:04:50.868
511,silicon-oxygen,291026.3,292210.5,00:04:51.026
512,aluminum-oxygen,292539.5,293723.7,00:04:52.539
513,and,294039.5,294210.5,00:04:54.039
514,calcium-oxygen,294223.7,295434.2,00:04:54.224
515,bond,295447.4,295842.1,00:04:55.447
516,environments,295855.2,296868.4,00:04:55.855
517,These,297918.6,298234.4,00:04:57.919
518,materials,298247.6,299023.9,00:04:58.248
519,are,299037.0,299221.2,00:04:59.037
520,difficult,299234.4,299852.8,00:04:59.234
521,to,299866.0,299984.4,00:04:59.866
522,model,299997.6,300497.6,00:04:59.998
523,with,300510.8,300721.3,00:05:00.511
524,density,300734.4,301247.6,00:05:00.734
525,functional,301260.8,301905.5,00:05:01.261
526,theory,301918.6,302431.8,00:05:01.919
527,because,302445.0,302931.8,00:05:02.445
528,DFT,302945.0,303773.9,00:05:02.945
529,is,303787.0,303984.4,00:05:03.787
530,most,303997.6,304339.7,00:05:03.998
531,reliable,304352.8,305050.2,00:05:04.353
532,for,305063.4,305300.2,00:05:05.063
533,well-defined,305313.4,306050.2,00:05:05.313
534,crystalline,306063.4,306655.5,00:05:06.063
535,unit,306668.6,307050.2,00:05:06.669
536,cells,307063.4,307668.6,00:05:07.063
537,Amorphous,308579.2,309302.8,00:05:08.579
538,or,309316.0,309513.4,00:05:09.316
539,nanocrystalline,309526.5,310526.5,00:05:09.527
540,models,310539.7,311052.8,00:05:10.540
541,require,311066.0,311631.8,00:05:11.066
542,large,311645.0,312066.0,00:05:11.645
543,supercells,312079.2,312947.6,00:05:12.079
544,and,312960.8,313171.3,00:05:12.961
545,statistical,313184.4,313987.0,00:05:13.184
546,sampling,314000.2,314645.0,00:05:14.000
547,making,314973.9,315368.6,00:05:14.974
548,DFT,315381.8,316131.8,00:05:15.382
549,prohibitively,316145.0,317039.7,00:05:16.145
550,expensive,317052.8,317842.3,00:05:17.053
551,for,317855.5,318066.0,00:05:17.855
552,screening,318079.2,318750.2,00:05:18.079
553,Universal,319658.1,320408.1,00:05:19.658
554,potentials,320421.2,321131.8,00:05:20.421
555,are,321145.0,321316.0,00:05:21.145
556,fast,321329.2,321750.2,00:05:21.329
557,enough,321763.4,322197.6,00:05:21.763
558,but,322500.2,322658.1,00:05:22.500
559,they,322671.2,322802.8,00:05:22.671
560,are,322816.0,322947.6,00:05:22.816
561,trained,322960.8,323473.9,00:05:22.961
562,on,323487.0,323684.4,00:05:23.487
563,bulk,323697.6,324052.8,00:05:23.698
564,equilibrium,324066.0,324842.3,00:05:24.066
565,structures,324855.5,325605.5,00:05:24.855
566,and,325618.6,325816.0,00:05:25.619
567,misrepresent,325829.2,326671.3,00:05:25.829
568,the,326684.4,326789.7,00:05:26.684
569,under-coordinated,326802.8,327921.2,00:05:26.803
570,bonds,327934.4,328395.0,00:05:27.934
571,that,328408.1,328645.0,00:05:28.408
572,dominate,328658.1,329237.1,00:05:28.658
573,dissolution,329250.2,330066.0,00:05:29.250
574,gelation,330342.3,331052.9,00:05:30.342
575,and,331342.3,331487.1,00:05:31.342
576,precipitation,331500.2,332552.8,00:05:31.500
577,A,333460.8,333566.0,00:05:33.461
578,predicted,333579.2,334210.7,00:05:33.579
579,dissolution,334223.9,335013.3,00:05:34.224
580,rate,335026.5,335355.5,00:05:35.027
581,that,335368.6,335552.8,00:05:35.369
582,is,335566.0,335723.9,00:05:35.566
583,off,335737.0,336039.7,00:05:35.737
584,by,336052.8,336237.0,00:05:36.053
585,a,336250.2,336329.2,00:05:36.250
586,factor,336342.3,336895.0,00:05:36.342
587,of,336908.1,337066.0,00:05:36.908
588,two,337079.2,337368.6,00:05:37.079
589,or,337381.8,337552.8,00:05:37.382
590,three,337566.0,337987.0,00:05:37.566
591,is,338000.2,338171.2,00:05:38.000
592,enough,338184.4,338539.7,00:05:38.184
593,to,338552.8,338684.4,00:05:38.553
594,misrank,338697.6,339316.0,00:05:38.698
595,a,339329.2,339408.1,00:05:39.329
596,binder,339421.2,339908.1,00:05:39.421
597,formulation,339921.2,340908.1,00:05:39.921
598,The,341816.0,341973.9,00:05:41.816
599,coordination,341987.0,342829.2,00:05:41.987
600,problem,342842.3,343368.7,00:05:42.842
601,is,343381.8,343566.0,00:05:43.382
602,structural,343579.2,344408.1,00:05:43.579
603,In,345316.0,345487.0,00:05:45.316
604,a,345500.2,345579.2,00:05:45.500
605,crystalline,345592.3,346223.9,00:05:45.592
606,quartz,346237.0,346671.2,00:05:46.237
607,framework,346684.4,347381.8,00:05:46.684
608,silicon,347658.1,348276.5,00:05:47.658
609,is,348289.7,348487.0,00:05:48.290
610,tetrahedrally,348500.2,349487.0,00:05:48.500
611,coordinated,349500.2,350302.8,00:05:49.500
612,and,350316.0,350566.0,00:05:50.316
613,oxygen,350579.2,351237.0,00:05:50.579
614,is,351250.2,351434.4,00:05:51.250
615,bridging,351447.6,351973.9,00:05:51.448
616,the,352316.0,352434.4,00:05:52.316
617,local,352447.6,352855.5,00:05:52.448
618,environment,352868.6,353671.2,00:05:52.869
619,is,353684.4,353868.6,00:05:53.684
620,close,353881.8,354289.7,00:05:53.882
621,to,354302.8,354421.2,00:05:54.303
622,the,354434.4,354566.0,00:05:54.434
623,bulk,354579.2,354947.6,00:05:54.579
624,training,354960.8,355434.4,00:05:54.961
625,distribution,355447.6,356381.8,00:05:55.448
626,But,357289.7,357500.2,00:05:57.290
627,in,357513.4,357645.0,00:05:57.513
628,a,357658.1,357737.1,00:05:57.658
629,partially,357750.2,358368.6,00:05:57.750
630,dissolved,358381.8,358947.6,00:05:58.382
631,slag,358960.8,359421.3,00:05:58.961
632,grain,359434.4,359960.7,00:05:59.434
633,or,359973.9,360171.2,00:05:59.974
634,a,360184.4,360237.0,00:06:00.184
635,nascent,360250.2,360816.0,00:06:00.250
636,geopolymer,360829.2,361645.0,00:06:00.829
637,gel,361658.1,362052.9,00:06:01.658
638,silicon,362368.6,362960.8,00:06:02.369
639,may,362973.9,363171.2,00:06:02.974
640,be,363184.4,363342.3,00:06:03.184
641,present,363355.5,363868.6,00:06:03.355
642,as,363881.8,364092.3,00:06:03.882
643,Q1,364105.5,364776.5,00:06:04.105
644,Q2,365105.5,365802.8,00:06:05.105
645,or,366105.5,366329.1,00:06:06.105
646,Q3,366342.3,367039.7,00:06:06.342
647,species,367052.8,367750.2,00:06:07.053
648,with,367763.4,367960.8,00:06:07.763
649,one,367973.9,368342.3,00:06:07.974
650,two,368631.8,368960.7,00:06:08.632
651,or,369237.0,369460.7,00:06:09.237
652,three,369473.9,369842.3,00:06:09.474
653,bridging,369855.5,370316.0,00:06:09.855
654,oxygens,370329.2,371145.0,00:06:10.329
655,and,371473.9,371671.2,00:06:11.474
656,aluminum,371684.4,372302.8,00:06:11.684
657,may,372316.0,372526.5,00:06:12.316
658,occupy,372539.7,373118.6,00:06:12.540
659,tetrahedral,373131.8,374092.3,00:06:13.132
660,pentahedral,374408.1,375302.9,00:06:14.408
661,or,375631.8,375829.2,00:06:15.632
662,octahedral,375842.3,376618.7,00:06:15.842
663,sites,376631.8,377066.0,00:06:16.632
664,depending,377079.2,377671.3,00:06:17.079
665,on,377684.4,377895.0,00:06:17.684
666,pH,377908.1,378447.6,00:06:17.908
667,and,378460.8,378658.1,00:06:18.461
668,charge,378671.2,379118.6,00:06:18.671
669,compensation,379131.8,380171.2,00:06:19.132
670,These,381079.2,381381.8,00:06:21.079
671,environments,381395.0,382250.2,00:06:21.395
672,fall,382263.4,382658.1,00:06:22.263
673,outside,382671.2,383237.0,00:06:22.671
674,the,383250.2,383355.5,00:06:23.250
675,bulk,383368.6,383723.9,00:06:23.369
676,distribution,383737.0,384658.1,00:06:23.737
677,and,384987.0,385158.1,00:06:24.987
678,universal,385171.2,385894.9,00:06:25.171
679,potentials,385908.1,386592.3,00:06:25.908
680,systematically,386605.5,387500.2,00:06:26.605
681,soften,387513.4,388118.6,00:06:27.513
682,their,388131.8,388368.6,00:06:28.132
683,energies,388381.8,389105.5,00:06:28.382
684,Lupine's,390013.4,390579.2,00:06:30.013
685,environment,390592.3,391395.0,00:06:30.592
686,error,391408.1,391763.4,00:06:31.408
687,field,391776.5,392210.7,00:06:31.777
688,treats,392223.9,392684.5,00:06:32.224
689,this,392697.6,392960.7,00:06:32.698
690,as,392973.9,393158.1,00:06:32.974
691,a,393171.2,393237.0,00:06:33.171
692,measurable,393250.2,393868.6,00:06:33.250
693,departure,393881.8,394618.6,00:06:33.882
694,rather,394631.8,395052.8,00:06:34.632
695,than,395066.0,395250.2,00:06:35.066
696,an,395263.4,395447.6,00:06:35.263
697,unknowable,395460.8,396171.3,00:06:35.461
698,model,396184.4,396605.5,00:06:36.184
699,failure,396618.6,397263.4,00:06:36.619
700,The,398171.2,398329.1,00:06:38.171
701,field,398342.3,398776.5,00:06:38.342
702,is,398789.7,398987.0,00:06:38.790
703,anchored,399000.2,399473.9,00:06:39.000
704,to,399487.0,399618.6,00:06:39.487
705,observable,399631.8,400368.6,00:06:39.632
706,reference,400381.8,400868.6,00:06:40.382
707,environments,400881.8,401737.0,00:06:40.882
708,and,401750.2,401987.0,00:06:41.750
709,extrapolates,402000.2,402960.7,00:06:42.000
710,to,402973.9,403131.8,00:06:42.974
711,under-coordinated,403145.0,404237.1,00:06:43.145
712,configurations,404250.2,405355.5,00:06:44.250
713,with,405368.6,405539.7,00:06:45.369
714,a,405552.8,405618.6,00:06:45.553
715,smooth,405631.8,406131.8,00:06:45.632
716,bulk-constrained,406460.8,407434.4,00:06:46.461
717,spline,407447.6,408066.0,00:06:47.448
718,For,408973.9,409237.1,00:06:48.974
719,amorphous,409250.2,409881.8,00:06:49.250
720,binder,409895.0,410368.6,00:06:49.895
721,networks,410381.8,411092.3,00:06:50.382
722,corrected,411381.8,411987.0,00:06:51.382
723,bond,412000.2,412381.8,00:06:52.000
724,energies,412395.0,412987.1,00:06:52.395
725,recover,413000.2,413566.0,00:06:53.000
726,accurate,413579.2,414131.8,00:06:53.579
727,dissolution,414145.0,414987.1,00:06:54.145
728,and,415000.2,415171.2,00:06:55.000
729,gelation,415184.4,415816.0,00:06:55.184
730,energetics,415829.2,416671.3,00:06:55.829
731,so,417000.2,417223.9,00:06:57.000
732,screens,417237.0,417829.2,00:06:57.237
733,rank,417842.3,418171.3,00:06:57.842
734,formulations,418184.4,419184.4,00:06:58.184
735,by,419197.6,419381.8,00:06:59.198
736,reactivity,419395.0,420329.2,00:06:59.395
737,and,420342.3,420552.9,00:07:00.342
738,durability,420566.0,421355.5,00:07:00.566
739,rather,421368.6,421802.8,00:07:01.369
740,than,421816.0,422039.7,00:07:01.816
741,by,422052.8,422223.9,00:07:02.053
742,training-set,422237.0,423079.2,00:07:02.237
743,bias,423092.3,423697.6,00:07:03.092
744,Second,424605.5,425223.9,00:07:04.605
745,alternative,425513.4,426263.4,00:07:05.513
746,clinkers,426276.5,426987.1,00:07:06.277
747,multi-component,427302.8,428395.0,00:07:07.303
748,oxide,428408.1,428973.9,00:07:08.408
749,spaces,428987.0,429776.5,00:07:08.987
750,These,430684.4,431013.4,00:07:10.684
751,replace,431026.5,431513.4,00:07:11.027
752,the,431526.5,431671.3,00:07:11.527
753,dominant,431684.4,432355.5,00:07:11.684
754,and,432368.6,432526.5,00:07:12.369
755,most,432539.7,432881.8,00:07:12.540
756,carbon-intensive,432895.0,433960.7,00:07:12.895
757,phase,433973.9,434395.0,00:07:13.974
758,in,434408.1,434605.5,00:07:14.408
759,Portland,434618.6,435158.1,00:07:14.619
760,cement,435171.2,435723.9,00:07:15.171
761,with,435737.0,435921.2,00:07:15.737
762,phases,435934.4,436526.5,00:07:15.934
763,such,436539.7,436816.0,00:07:16.540
764,as,436829.2,436973.9,00:07:16.829
765,belite,436987.0,437487.0,00:07:16.987
766,ye'elimite,437816.0,438592.3,00:07:17.816
767,or,438908.1,439052.9,00:07:18.908
768,ferrite,439066.0,439605.5,00:07:19.066
769,solid,439618.6,440092.3,00:07:19.619
770,solutions,440105.5,441000.2,00:07:20.105
771,Calcium-sulfoaluminate,441908.1,443579.2,00:07:21.908
772,clinkers,443592.3,444289.7,00:07:23.592
773,for,444566.0,444763.4,00:07:24.566
774,example,444776.5,445473.9,00:07:24.777
775,can,445776.5,445960.7,00:07:25.777
776,be,445973.9,446118.7,00:07:25.974
777,produced,446131.8,446684.4,00:07:26.132
778,at,446697.6,446895.0,00:07:26.698
779,"1,200 to 1,300 degrees",446908.1,450645.0,00:07:26.908
780,rather,450658.1,451052.9,00:07:30.658
781,than,451066.0,451276.5,00:07:31.066
782,"1,450",451289.7,453395.0,00:07:31.290
783,and,453671.2,453842.3,00:07:33.671
784,require,453855.5,454421.2,00:07:33.855
785,less,454434.4,454750.2,00:07:34.434
786,limestone,454763.4,455539.7,00:07:34.763
787,cutting,455855.5,456184.4,00:07:35.855
788,process,456197.6,456776.5,00:07:36.198
789,emissions,456789.7,457447.5,00:07:36.790
790,by,457460.8,457631.8,00:07:37.461
791,20,457645.0,458131.8,00:07:37.645
792,to,458145.0,458276.5,00:07:38.145
793,35 percent,458289.7,459658.1,00:07:38.290
794,Belite-rich,460566.0,461342.3,00:07:40.566
795,cements,461355.5,461868.6,00:07:41.355
796,lower,461881.8,462329.2,00:07:41.882
797,the,462342.3,462473.9,00:07:42.342
798,lime,462487.0,462868.6,00:07:42.487
799,saturation,462881.8,463763.4,00:07:42.882
800,factor,463776.5,464447.6,00:07:43.777
801,and,464460.8,464645.0,00:07:44.461
802,can,464658.1,464855.5,00:07:44.658
803,incorporate,464868.6,465618.6,00:07:44.869
804,more,465631.8,465921.2,00:07:45.632
805,supplementary,465934.4,466737.0,00:07:45.934
806,materials,466750.2,467684.4,00:07:46.750
807,The,468592.3,468750.2,00:07:48.592
808,challenge,468763.4,469381.8,00:07:48.763
809,is,469395.0,469592.3,00:07:49.395
810,that,469605.5,469829.1,00:07:49.605
811,these,469842.3,470105.5,00:07:49.842
812,clinkers,470118.6,470723.9,00:07:50.119
813,involve,470737.0,471289.7,00:07:50.737
814,multi-component,471302.8,472342.3,00:07:51.303
815,oxide,472355.5,472921.2,00:07:52.355
816,spaces,472934.4,473579.2,00:07:52.934
817,whose,473592.3,473881.8,00:07:53.592
818,phase,473895.0,474263.4,00:07:53.895
819,equilibria,474276.5,475092.3,00:07:54.277
820,hydration,475421.2,476105.5,00:07:55.421
821,pathways,476118.6,476855.5,00:07:56.119
822,and,477158.1,477316.0,00:07:57.158
823,impurity,477329.2,477934.4,00:07:57.329
824,sensitivities,477947.6,478947.6,00:07:57.948
825,are,478960.8,479158.1,00:07:58.961
826,far,479171.2,479513.4,00:07:59.171
827,more,479526.5,479829.2,00:07:59.527
828,complex,479842.3,480513.4,00:07:59.842
829,than,480526.5,480776.5,00:08:00.527
830,ordinary,480789.7,481368.6,00:08:00.790
831,Portland,481381.8,481947.6,00:08:01.382
832,cement,481960.8,482539.7,00:08:01.961
833,The,483447.6,483592.3,00:08:03.448
834,number,483605.5,484026.5,00:08:03.605
835,of,484039.7,484171.2,00:08:04.040
836,candidate,484184.4,484816.0,00:08:04.184
837,compositions,484829.2,485723.9,00:08:04.829
838,exceeds,485737.0,486342.3,00:08:05.737
839,"100,000",486355.5,487684.4,00:08:06.355
840,when,487697.6,487921.2,00:08:07.698
841,dopants,487934.4,488605.5,00:08:07.934
842,substituents,488908.1,489881.8,00:08:08.908
843,and,490223.9,490408.1,00:08:10.224
844,processing,490421.2,491158.1,00:08:10.421
845,conditions,491171.2,491868.6,00:08:11.171
846,are,491881.8,492092.3,00:08:11.882
847,included,492105.5,492802.8,00:08:12.105
848,Universal,493710.8,494460.8,00:08:13.711
849,potentials,494473.9,495223.9,00:08:14.474
850,can,495237.0,495473.9,00:08:15.237
851,screen,495487.0,495973.9,00:08:15.487
852,this,495987.0,496184.4,00:08:15.987
853,space,496197.6,496671.2,00:08:16.198
854,at,496684.4,496960.7,00:08:16.684
855,roughly,496973.9,497408.1,00:08:16.974
856,"100,000",497421.2,498645.0,00:08:17.421
857,times,498658.1,499079.2,00:08:18.658
858,the,499092.3,499197.6,00:08:19.092
859,speed,499210.8,499618.6,00:08:19.211
860,of,499631.8,499789.7,00:08:19.632
861,DFT,499802.8,500552.8,00:08:19.803
862,but,500895.0,501105.5,00:08:20.895
863,only,501118.6,501526.5,00:08:21.119
864,if,501539.7,501697.5,00:08:21.540
865,their,501710.8,501908.1,00:08:21.711
866,rankings,501921.2,502487.0,00:08:21.921
867,are,502500.2,502684.4,00:08:22.500
868,trustworthy,502697.6,503618.6,00:08:22.698
869,And,504526.5,504697.6,00:08:24.527
870,the,504710.8,504829.2,00:08:24.711
871,ranking,504842.3,505316.0,00:08:24.842
872,problem,505329.2,505842.3,00:08:25.329
873,is,505855.5,506079.1,00:08:25.855
874,aggravated,506092.3,506895.0,00:08:26.092
875,by,506908.1,507066.0,00:08:26.908
876,metastability,507079.2,508145.0,00:08:27.079
877,The,509052.8,509210.7,00:08:29.053
878,best-performing,509223.9,510184.5,00:08:29.224
879,clinker,510197.6,510816.0,00:08:30.198
880,and,510829.2,510960.7,00:08:30.829
881,hydrate,510973.9,511579.2,00:08:30.974
882,combinations,511592.3,512487.1,00:08:31.592
883,are,512500.2,512776.5,00:08:32.500
884,often,512789.7,513276.5,00:08:32.790
885,not,513289.7,513526.5,00:08:33.290
886,the,513539.7,513644.9,00:08:33.540
887,equilibrium,513658.1,514460.8,00:08:33.658
888,assemblages,514473.9,515276.5,00:08:34.474
889,predicted,515289.7,515934.4,00:08:35.290
890,by,515947.6,516118.6,00:08:35.948
891,convex-hull,516131.8,517026.5,00:08:36.132
892,thermodynamics,517039.7,518316.0,00:08:37.040
893,Ettringite,519223.9,520026.5,00:08:39.224
894,AFm,520289.7,520921.2,00:08:40.290
895,phases,520934.4,521618.6,00:08:40.934
896,and,521908.1,522118.7,00:08:41.908
897,certain,522131.8,522605.5,00:08:42.132
898,C-S-H,522618.6,523368.6,00:08:42.619
899,compositions,523381.8,524263.4,00:08:43.382
900,are,524276.5,524500.2,00:08:44.277
901,metastable,524513.4,525342.3,00:08:44.513
902,yet,525355.5,525618.6,00:08:45.355
903,functionally,525631.8,526408.1,00:08:45.632
904,essential,526421.2,527171.2,00:08:46.421
905,Standard,528079.2,528750.2,00:08:48.079
906,computational,528763.4,529723.9,00:08:48.763
907,screens,529737.0,530342.3,00:08:49.737
908,that,530355.5,530539.7,00:08:50.355
909,discard,530552.8,531184.4,00:08:50.553
910,anything,531197.6,531710.7,00:08:51.198
911,above,531723.9,532131.8,00:08:51.724
912,the,532145.0,532250.2,00:08:52.145
913,convex,532263.4,532908.1,00:08:52.263
914,hull,532921.2,533289.7,00:08:52.921
915,therefore,533302.8,533829.2,00:08:53.303
916,discard,533842.3,534447.6,00:08:53.842
917,the,534460.8,534539.7,00:08:54.461
918,most,534552.8,534921.2,00:08:54.553
919,useful,534934.4,535434.4,00:08:54.934
920,phases,535447.6,536158.1,00:08:55.448
921,Lupine's,537066.0,537645.0,00:08:57.066
922,verification,537658.1,538645.0,00:08:57.658
923,layer,538658.1,539052.9,00:08:58.658
924,addresses,539066.0,539723.9,00:08:59.066
925,this,539737.0,540000.2,00:08:59.737
926,by,540013.4,540184.4,00:09:00.013
927,proving,540197.6,540710.7,00:09:00.198
928,boundaries,540723.9,541566.0,00:09:00.724
929,It,542473.9,542645.0,00:09:02.474
930,separates,542658.1,543316.0,00:09:02.658
931,predictions,543329.2,544118.6,00:09:03.329
932,that,544131.8,544289.7,00:09:04.132
933,are,544302.8,544421.2,00:09:04.303
934,supported,544434.4,545092.3,00:09:04.434
935,by,545105.5,545263.3,00:09:05.105
936,the,545276.5,545381.8,00:09:05.277
937,measured,545395.0,545934.4,00:09:05.395
938,error,545947.6,546302.8,00:09:05.948
939,field,546316.0,546750.2,00:09:06.316
940,from,546763.4,546973.9,00:09:06.763
941,predictions,546987.0,547737.0,00:09:06.987
942,that,547750.2,547934.4,00:09:07.750
943,depend,547947.6,548473.9,00:09:07.948
944,on,548487.0,548671.2,00:09:08.487
945,synthesis,548684.4,549381.8,00:09:08.684
946,conditions,549395.0,550171.3,00:09:09.395
947,outside,550184.4,550776.5,00:09:10.184
948,the,550789.7,550881.8,00:09:10.790
949,correction,550895.0,551473.9,00:09:10.895
950,domain,551487.0,552079.2,00:09:11.487
951,A,552987.0,553105.5,00:09:12.987
952,belite-rich,553118.6,553895.0,00:09:13.119
953,clinker,553908.1,554473.9,00:09:13.908
954,whose,554487.0,554750.2,00:09:14.487
955,hydrate,554763.4,555329.2,00:09:14.763
956,assemblage,555342.3,556039.7,00:09:15.342
957,is,556052.8,556250.2,00:09:16.053
958,robustly,556263.4,556987.0,00:09:16.263
959,ranked,557000.2,557434.4,00:09:17.000
960,can,557447.6,557645.0,00:09:17.448
961,be,557658.1,557816.0,00:09:17.658
962,advanced,557829.2,558447.6,00:09:17.829
963,with,558460.8,558645.0,00:09:18.461
964,confidence,558658.1,559539.7,00:09:18.658
965,One,560447.6,560750.2,00:09:20.448
966,whose,560763.4,561052.8,00:09:20.763
967,ranking,561066.0,561539.7,00:09:21.066
968,flips,561552.8,562013.4,00:09:21.553
969,under,562026.5,562329.2,00:09:22.027
970,plausible,562342.3,562947.6,00:09:22.342
971,curing,562960.8,563408.1,00:09:22.961
972,variations,563421.2,564302.8,00:09:23.421
973,is,564316.0,564526.5,00:09:24.316
974,flagged,564539.7,565066.0,00:09:24.540
975,as,565079.2,565302.8,00:09:25.079
976,unsupported,565316.0,566105.5,00:09:25.316
977,rather,566118.6,566552.8,00:09:26.119
978,than,566566.0,566737.0,00:09:26.566
979,hidden,566750.2,567131.8,00:09:26.750
980,behind,567145.0,567631.8,00:09:27.145
981,an,567645.0,567816.0,00:09:27.645
982,arbitrary,567829.2,568513.4,00:09:27.829
983,stability,568526.5,569210.7,00:09:28.527
984,cutoff,569223.9,569855.5,00:09:29.224
985,Third,570763.4,571171.2,00:09:30.763
986,CO2-cured,571447.6,572908.1,00:09:31.448
987,concrete,572921.2,573631.8,00:09:32.921
988,barrier-controlled,573947.6,575013.4,00:09:33.948
989,carbonation,575026.5,575973.9,00:09:35.027
990,Instead,576881.8,577408.1,00:09:36.882
991,of,577421.2,577552.8,00:09:37.421
992,emitting,577566.0,578052.8,00:09:37.566
993,CO2,578066.0,579026.5,00:09:38.066
994,during,579039.7,579395.0,00:09:39.040
995,calcination,579408.1,580355.5,00:09:39.408
996,and,580368.6,580566.0,00:09:40.369
997,later,580579.2,580960.7,00:09:40.579
998,capturing,580973.9,581645.0,00:09:40.974
999,it,581658.1,581842.3,00:09:41.658
1000,CO2-cured,582158.1,583552.8,00:09:42.158
1001,concrete,583566.0,584197.6,00:09:43.566
1002,uses,584210.8,584658.1,00:09:44.211
1003,calcium-rich,584671.2,585552.8,00:09:44.671
1004,silicates,585566.0,586276.5,00:09:45.566
1005,that,586289.7,586526.5,00:09:46.290
1006,react,586539.7,586973.9,00:09:46.540
1007,directly,586987.0,587592.3,00:09:46.987
1008,with,587605.5,587816.0,00:09:47.605
1009,CO2,587829.2,588750.2,00:09:47.829
1010,to,588763.4,588895.0,00:09:48.763
1011,form,588908.1,589316.0,00:09:48.908
1012,calcium,589329.2,589947.6,00:09:49.329
1013,carbonate,589960.8,590645.0,00:09:49.961
1014,and,590658.1,590816.0,00:09:50.658
1015,silica,590829.2,591329.2,00:09:50.829
1016,gel,591342.3,591763.4,00:09:51.342
1017,producing,592092.3,592763.4,00:09:52.092
1018,early,592776.5,593118.7,00:09:52.777
1019,strength,593131.8,593710.7,00:09:53.132
1020,and,593723.9,593934.5,00:09:53.724
1021,sequestering,593947.6,594737.0,00:09:53.948
1022,carbon,594750.2,595250.2,00:09:54.750
1023,in,595263.4,595395.0,00:09:55.263
1024,the,595408.1,595487.1,00:09:55.408
1025,product,595500.2,596184.4,00:09:55.500
1026,Some,597092.3,597487.1,00:09:57.092
1027,formulations,597500.2,598487.0,00:09:57.500
1028,gain,598500.2,598855.5,00:09:58.500
1029,compressive,598868.6,599552.8,00:09:58.869
1030,strength,599566.0,600118.6,00:09:59.566
1031,within,600131.8,600500.2,00:10:00.132
1032,hours,600513.4,601158.1,00:10:00.513
1033,The,602190.6,602322.2,00:10:02.191
1034,materials,602335.4,603138.0,00:10:02.335
1035,challenge,603151.2,603756.4,00:10:03.151
1036,is,603769.6,603940.6,00:10:03.770
1037,kinetic,603953.8,604638.0,00:10:03.954
1038,Carbonation,605548.5,606377.5,00:10:05.549
1039,proceeds,606390.6,607035.4,00:10:06.391
1040,through,607048.5,607272.2,00:10:07.049
1041,CO2,607285.4,608167.0,00:10:07.285
1042,dissolution,608180.1,609009.1,00:10:08.180
1043,diffusion,609338.0,610022.2,00:10:09.338
1044,through,610035.4,610285.4,00:10:10.035
1045,pores,610298.5,610798.5,00:10:10.299
1046,and,610811.7,611022.2,00:10:10.812
1047,increasingly,611035.4,611903.8,00:10:11.035
1048,dense,611917.0,612298.5,00:10:11.917
1049,product,612311.7,612824.8,00:10:12.312
1050,layers,612838.0,613417.0,00:10:12.838
1051,and,613732.8,613930.1,00:10:13.733
1052,reaction,613943.2,614732.7,00:10:13.943
1053,at,614745.9,614995.9,00:10:14.746
1054,under-coordinated,615009.0,616088.0,00:10:15.009
1055,surface,616101.2,616614.3,00:10:16.101
1056,sites,616627.5,617180.1,00:10:16.627
1057,As,618088.0,618311.7,00:10:18.088
1058,the,618324.8,618443.2,00:10:18.325
1059,carbonate,618456.4,619127.5,00:10:18.456
1060,layer,619140.6,619482.8,00:10:19.141
1061,thickens,619495.9,620088.0,00:10:19.496
1062,CO2,620403.8,621298.5,00:10:20.404
1063,diffusion,621311.7,621969.5,00:10:21.312
1064,becomes,621982.8,622495.9,00:10:21.983
1065,rate-limiting,622509.0,623377.5,00:10:22.509
1066,Universal,624285.4,625048.5,00:10:24.285
1067,potentials,625061.7,625824.8,00:10:25.062
1068,underestimate,625838.0,626732.8,00:10:25.838
1069,the,626745.9,626851.1,00:10:26.746
1070,barriers,626864.3,627522.2,00:10:26.864
1071,for,627535.4,627719.6,00:10:27.535
1072,CO2,627732.8,628640.7,00:10:27.733
1073,insertion,628653.8,629443.2,00:10:28.654
1074,and,629456.4,629627.5,00:10:29.456
1075,carbonate,629640.6,630259.0,00:10:29.641
1076,diffusion,630272.2,631048.5,00:10:30.272
1077,at,631061.7,631324.8,00:10:31.062
1078,under-coordinated,631338.0,632390.6,00:10:31.338
1079,surface,632403.8,632917.0,00:10:32.404
1080,sites,632930.1,633390.7,00:10:32.930
1081,because,633403.8,633811.7,00:10:33.404
1082,those,633824.8,634101.2,00:10:33.825
1083,transition,634114.3,634811.7,00:10:34.114
1084,states,634824.8,635285.4,00:10:34.825
1085,involve,635298.5,635811.7,00:10:35.299
1086,reduced,635824.8,636324.8,00:10:35.825
1087,coordination,636338.0,637180.1,00:10:36.338
1088,relative,637193.2,637824.8,00:10:37.193
1089,to,637838.0,637982.8,00:10:37.838
1090,bulk,637995.9,638364.3,00:10:37.996
1091,training,638377.5,638851.1,00:10:38.377
1092,data,638864.3,639311.7,00:10:38.864
1093,Corrected,640219.6,640851.2,00:10:40.220
1094,carbonate,640864.3,641495.9,00:10:40.864
1095,formation,641509.0,642311.7,00:10:41.509
1096,and,642324.8,642469.6,00:10:42.325
1097,diffusion,642482.8,643101.2,00:10:42.483
1098,barriers,643114.3,643759.1,00:10:43.114
1099,change,643772.2,644219.6,00:10:43.772
1100,the,644232.8,644351.2,00:10:44.233
1101,ranking,644364.3,644838.0,00:10:44.364
1102,of,644851.2,644995.9,00:10:44.851
1103,candidate,645009.0,645653.8,00:10:45.009
1104,calcium-silicate,645667.0,646811.7,00:10:45.667
1105,compositions,646824.8,647864.3,00:10:46.825
1106,A,648772.2,648877.5,00:10:48.772
1107,composition,648890.6,649785.4,00:10:48.891
1108,that,649798.5,649969.6,00:10:49.799
1109,appears,649982.8,650443.3,00:10:49.983
1110,to,650456.4,650601.2,00:10:50.456
1111,carbonate,650614.3,651272.2,00:10:50.614
1112,rapidly,651285.4,651943.2,00:10:51.285
1113,in,651956.4,652088.0,00:10:51.956
1114,a,652101.2,652167.0,00:10:52.101
1115,raw,652180.1,652482.8,00:10:52.180
1116,screen,652495.9,653048.5,00:10:52.496
1117,may,653061.7,653285.3,00:10:53.062
1118,be,653298.5,653482.7,00:10:53.299
1119,a,653495.9,653574.8,00:10:53.496
1120,false,653588.0,653969.6,00:10:53.588
1121,positive,653982.8,654706.4,00:10:53.983
1122,A,655614.3,655719.6,00:10:55.614
1123,composition,655732.8,656653.8,00:10:55.733
1124,that,656667.0,656890.6,00:10:56.667
1125,looks,656903.8,657193.2,00:10:56.904
1126,sluggish,657206.4,657785.4,00:10:57.206
1127,may,657798.5,658022.2,00:10:57.799
1128,simply,658035.4,658535.4,00:10:58.035
1129,have,658548.5,658759.1,00:10:58.549
1130,been,658772.2,658969.6,00:10:58.772
1131,penalized,658982.8,659772.2,00:10:58.983
1132,by,659785.4,659943.2,00:10:59.785
1133,systematic,659956.4,660732.7,00:10:59.956
1134,softening,660745.9,661469.5,00:11:00.746
1135,The,662377.5,662535.3,00:11:02.377
1136,correction,662548.5,663153.8,00:11:02.549
1137,recovers,663167.0,663759.1,00:11:03.167
1138,the,663772.2,663903.8,00:11:03.772
1139,true,663917.0,664232.7,00:11:03.917
1140,activation,664245.9,665127.5,00:11:04.246
1141,energies,665140.6,665798.5,00:11:05.141
1142,enabling,666140.6,666759.0,00:11:06.141
1143,a,666772.2,666824.8,00:11:06.772
1144,materials-first,666838.0,667943.2,00:11:06.838
1145,design,667956.4,668482.7,00:11:07.956
1146,of,668495.9,668666.9,00:11:08.496
1147,CO2-cured,668680.1,670101.2,00:11:08.680
1148,binders,670114.3,670864.3,00:11:10.114
1149,So,671772.2,672035.4,00:11:11.772
1150,why,672048.5,672338.0,00:11:12.049
1151,does,672351.2,672574.8,00:11:12.351
1152,computation,672588.0,673495.9,00:11:12.588
1153,fail,673509.0,673851.2,00:11:13.509
1154,across,673864.3,674324.9,00:11:13.864
1155,all,674338.0,674601.2,00:11:14.338
1156,three,674614.3,674930.1,00:11:14.614
1157,fronts,674943.2,675456.4,00:11:14.943
1158,and,675785.4,675956.4,00:11:15.785
1159,how,675969.6,676232.7,00:11:15.970
1160,can,676245.9,676443.2,00:11:16.246
1161,it,676456.4,676574.8,00:11:16.456
1162,succeed,676588.0,677232.8,00:11:16.588
1163,The,678153.8,678311.7,00:11:18.154
1164,common,678324.8,678785.4,00:11:18.325
1165,failure,678798.5,679417.0,00:11:18.799
1166,is,679430.1,679614.3,00:11:19.430
1167,the,679627.5,679745.9,00:11:19.627
1168,same,679759.0,680140.6,00:11:19.759
1169,defect-bulk,680153.8,681035.4,00:11:20.154
1170,asymmetry,681048.5,681838.0,00:11:21.049
1171,that,681851.2,682101.2,00:11:21.851
1172,corrupts,682114.3,682653.8,00:11:22.114
1173,predictions,682667.0,683443.3,00:11:22.667
1174,for,683456.4,683653.8,00:11:23.456
1175,battery,683667.0,684140.6,00:11:23.667
1176,cathodes,684153.8,684903.8,00:11:24.154
1177,direct-air-capture,685206.4,686324.8,00:11:25.206
1178,sorbents,686338.0,687009.0,00:11:26.338
1179,and,687298.5,687495.9,00:11:27.299
1180,methane,687509.0,688061.7,00:11:27.509
1181,catalysts,688074.8,688943.2,00:11:28.075
1182,Universal,689851.2,690614.3,00:11:29.851
1183,potentials,690627.5,691364.3,00:11:30.627
1184,are,691377.5,691561.7,00:11:31.377
1185,trained,691574.8,692101.2,00:11:31.575
1186,on,692114.3,692338.0,00:11:32.114
1187,equilibrium,692351.2,693180.1,00:11:32.351
1188,bulk,693193.2,693522.2,00:11:33.193
1189,configurations,693535.4,694653.8,00:11:33.535
1190,where,694667.0,694956.4,00:11:34.667
1191,atoms,694969.6,695417.0,00:11:34.970
1192,have,695430.1,695693.3,00:11:35.430
1193,high,695706.4,696035.4,00:11:35.706
1194,regular,696364.3,696877.5,00:11:36.364
1195,coordination,696890.6,697719.6,00:11:36.891
1196,numbers,697732.8,698403.8,00:11:37.733
1197,The,699311.7,699469.5,00:11:39.312
1198,functional,699482.8,700127.5,00:11:39.483
1199,environments,700140.6,700956.4,00:11:40.141
1200,in,700969.6,701167.0,00:11:40.970
1201,cement,701180.1,701706.5,00:11:41.180
1202,dissolved,702035.4,702574.8,00:11:42.035
1203,silicate,702588.0,703153.8,00:11:42.588
1204,species,703167.0,703864.3,00:11:43.167
1205,gel,704153.8,704469.6,00:11:44.154
1206,pores,704482.8,704969.6,00:11:44.483
1207,hydrate,705272.2,705785.4,00:11:45.272
1208,interfaces,705798.5,706732.7,00:11:45.799
1209,and,707061.7,707272.2,00:11:47.062
1210,carbonation,707285.4,708101.2,00:11:47.285
1211,fronts,708114.3,708627.5,00:11:48.114
1212,have,708969.6,709180.1,00:11:48.970
1213,coordination,709193.2,709995.9,00:11:49.193
1214,numbers,710009.0,710535.4,00:11:50.009
1215,and,710548.5,710732.7,00:11:50.549
1216,chemistries,710745.9,711509.1,00:11:50.746
1217,that,711522.2,711759.0,00:11:51.522
1218,fall,711772.2,712140.6,00:11:51.772
1219,outside,712153.8,712719.6,00:11:52.154
1220,this,712732.8,712943.3,00:11:52.733
1221,training,712956.4,713443.2,00:11:52.956
1222,distribution,713456.4,714430.1,00:11:53.456
1223,A,715338.0,715443.2,00:11:55.338
1224,recent,715456.4,715943.2,00:11:55.456
1225,systematic,715956.4,716680.1,00:11:55.956
1226,survey,716693.2,717219.6,00:11:56.693
1227,found,717232.8,717693.3,00:11:57.233
1228,that,717706.4,717851.2,00:11:57.706
1229,they,717864.3,718022.2,00:11:57.864
1230,soften,718035.4,718601.2,00:11:58.035
1231,the,718614.3,718706.5,00:11:58.614
1232,potential,718719.6,719403.8,00:11:58.720
1233,energy,719417.0,719890.6,00:11:59.417
1234,surface,719903.8,720482.7,00:11:59.904
1235,by,720495.9,720693.3,00:12:00.496
1236,15,720706.4,721377.5,00:12:00.706
1237,to,721390.6,721522.2,00:12:01.391
1238,60 percent,721535.4,722627.5,00:12:01.535
1239,in,722640.6,722930.1,00:12:02.641
1240,under-coordinated,722943.2,723982.7,00:12:02.943
1241,regions,723995.9,724719.6,00:12:03.996
1242,This,725627.5,725930.1,00:12:05.627
1243,softening,725943.2,726640.6,00:12:05.943
1244,is,726653.8,726811.7,00:12:06.654
1245,not,726824.8,727180.1,00:12:06.825
1246,random,727193.2,727653.8,00:12:07.193
1247,noise,727667.0,728206.4,00:12:07.667
1248,It,729114.3,729272.2,00:12:09.114
1249,has,729285.4,729548.5,00:12:09.285
1250,a,729561.7,729640.6,00:12:09.562
1251,smooth,729653.8,730127.5,00:12:09.654
1252,geometric,730140.6,730890.6,00:12:10.141
1253,dependence,730903.8,731601.2,00:12:10.904
1254,on,731614.3,731864.3,00:12:11.614
1255,local,731877.5,732272.2,00:12:11.877
1256,coordination,732285.4,733206.4,00:12:12.285
1257,and,733219.6,733403.8,00:12:13.220
1258,chemical,733417.0,733956.4,00:12:13.417
1259,deviation,733969.6,734785.4,00:12:13.970
1260,from,734798.5,735035.4,00:12:14.799
1261,the,735048.5,735153.8,00:12:15.049
1262,bulk,735167.0,735640.6,00:12:15.167
1263,Lupine's,736548.5,737114.3,00:12:16.549
1264,environment,737127.5,737943.2,00:12:17.127
1265,error,737956.4,738311.7,00:12:17.956
1266,field,738324.8,738706.4,00:12:18.325
1267,exploits,738719.6,739430.1,00:12:18.720
1268,that,739443.2,739719.6,00:12:19.443
1269,regularity,739732.8,740601.2,00:12:19.733
1270,The,741509.0,741666.9,00:12:21.509
1271,correction,741680.1,742285.4,00:12:21.680
1272,is,742298.5,742509.1,00:12:22.299
1273,analytic,742522.2,743206.4,00:12:22.522
1274,so,743522.2,743732.7,00:12:23.522
1275,molecular,743745.9,744430.1,00:12:23.746
1276,dynamics,744443.2,745166.9,00:12:24.443
1277,and,745180.1,745417.0,00:12:25.180
1278,structural,745430.1,746127.5,00:12:25.430
1279,relaxations,746140.6,747180.1,00:12:26.141
1280,follow,747193.2,747614.3,00:12:27.193
1281,the,747627.5,747745.9,00:12:27.627
1282,corrected,747759.0,748324.8,00:12:27.759
1283,surface,748338.0,748890.6,00:12:28.338
1284,at,748903.8,749127.5,00:12:28.904
1285,nearly,749140.6,749574.8,00:12:29.141
1286,the,749588.0,749719.6,00:12:29.588
1287,same,749732.8,750114.3,00:12:29.733
1288,speed,750127.5,750614.3,00:12:30.127
1289,as,750627.5,750838.0,00:12:30.627
1290,the,750851.2,750969.6,00:12:30.851
1291,raw,750982.8,751245.9,00:12:30.983
1292,potential,751259.0,751982.7,00:12:31.259
1293,with,752311.7,752495.9,00:12:32.312
1294,only,752509.0,752851.2,00:12:32.509
1295,15.6 percent,752864.3,754706.4,00:12:32.864
1296,overhead,754719.6,755364.3,00:12:34.720
1297,Blind,756272.2,756759.0,00:12:36.272
1298,prediction,756772.2,757390.6,00:12:36.772
1299,across,757403.8,757890.6,00:12:37.404
1300,36,757903.8,758667.0,00:12:37.904
1301,model,758680.1,759259.1,00:12:38.680
1302,and,759272.2,759403.8,00:12:39.272
1303,material,759417.0,760074.8,00:12:39.417
1304,combinations,760088.0,761009.0,00:12:40.088
1305,achieves,761022.2,761522.2,00:12:41.022
1306,a,761535.4,761627.5,00:12:41.535
1307,Pearson,761640.6,762153.8,00:12:41.641
1308,correlation,762167.0,762995.9,00:12:42.167
1309,of,763009.0,763193.2,00:12:43.009
1310,0.906,763206.4,765443.3,00:12:43.206
1311,with,765456.4,765680.1,00:12:45.456
1312,zero,765693.2,766180.1,00:12:45.693
1313,adjustable,766193.2,766864.3,00:12:46.193
1314,parameters,766877.5,767798.5,00:12:46.877
1315,For,768706.4,768956.4,00:12:48.706
1316,cement,768969.6,769535.4,00:12:48.970
1317,that,769824.8,770088.0,00:12:49.825
1318,rank-order,770101.2,770693.3,00:12:50.101
1319,preservation,770706.4,771548.5,00:12:50.706
1320,is,771561.7,771745.9,00:12:51.562
1321,critical,771759.0,772364.3,00:12:51.759
1322,a,772706.4,772759.0,00:12:52.706
1323,15 percent,772772.2,773903.8,00:12:52.772
1324,error,773917.0,774298.5,00:12:53.917
1325,in,774311.7,774522.2,00:12:54.312
1326,dissolution,774535.4,775351.2,00:12:54.535
1327,energy,775364.3,775877.5,00:12:55.364
1328,can,775890.6,776088.0,00:12:55.891
1329,invert,776101.2,776548.5,00:12:56.101
1330,the,776561.7,776680.1,00:12:56.562
1331,ranking,776693.2,777166.9,00:12:56.693
1332,of,777180.1,777351.2,00:12:57.180
1333,two,777364.3,777640.7,00:12:57.364
1334,binder,777653.8,778114.3,00:12:57.654
1335,formulations,778127.5,779166.9,00:12:58.127
1336,sending,779456.4,779930.1,00:12:59.456
1337,experiments,779943.2,780824.8,00:12:59.943
1338,to,780838.0,780969.6,00:13:00.838
1339,the,780982.8,781114.3,00:13:00.983
1340,wrong,781127.5,781482.7,00:13:01.127
1341,candidate,781495.9,782167.0,00:13:01.496
1342,Now,783074.8,783482.7,00:13:03.075
1343,computational,783745.9,784680.1,00:13:03.746
1344,materials,784693.2,785443.2,00:13:04.693
1345,discovery,785456.4,786219.6,00:13:05.456
1346,has,786232.8,786495.9,00:13:06.233
1347,a,786509.0,786588.0,00:13:06.509
1348,credibility,786601.2,787390.6,00:13:06.601
1349,problem,787403.8,788048.5,00:13:07.404
1350,Large-scale,788956.4,789851.2,00:13:08.956
1351,crystal-structure,789864.3,790864.3,00:13:09.864
1352,predictions,790877.5,791601.1,00:13:10.877
1353,have,791614.3,791824.9,00:13:11.614
1354,produced,791838.0,792338.0,00:13:11.838
1355,millions,792351.2,792890.6,00:13:12.351
1356,of,792903.8,793048.5,00:13:12.904
1357,candidate,793061.7,793640.6,00:13:13.062
1358,materials,793653.8,794482.7,00:13:13.654
1359,but,794798.5,794982.7,00:13:14.799
1360,independent,794995.9,795759.1,00:13:14.996
1361,synthesis,795772.2,796495.9,00:13:15.772
1362,has,796509.0,796772.2,00:13:16.509
1363,validated,796785.4,797588.0,00:13:16.785
1364,only,797601.2,797943.3,00:13:17.601
1365,a,797956.4,798035.4,00:13:17.956
1366,tiny,798048.5,798482.7,00:13:18.049
1367,fraction,798495.9,799232.7,00:13:18.496
1368,The,800140.6,800298.5,00:13:20.141
1369,so-called,800311.7,800943.2,00:13:20.312
1370,0.2 percent,800956.4,802601.2,00:13:20.956
1371,synthesis,802614.3,803285.4,00:13:22.614
1372,problem,803298.5,803851.2,00:13:23.299
1373,reflects,803864.3,804443.3,00:13:23.864
1374,the,804456.4,804588.0,00:13:24.456
1375,gap,804601.2,804995.9,00:13:24.601
1376,between,805009.0,805456.4,00:13:25.009
1377,computable,805469.6,806153.8,00:13:25.470
1378,stability,806167.0,806956.4,00:13:26.167
1379,and,806969.6,807180.1,00:13:26.970
1380,makeable,807193.2,807693.2,00:13:27.193
1381,matter,807706.4,808206.4,00:13:27.706
1382,For,809114.3,809364.3,00:13:29.114
1383,cement,809377.5,809930.1,00:13:29.377
1384,the,810259.0,810377.5,00:13:30.259
1385,problem,810390.6,810890.6,00:13:30.391
1386,is,810903.8,811088.0,00:13:30.904
1387,worse,811101.2,811574.8,00:13:31.101
1388,because,811588.0,812009.0,00:13:31.588
1389,the,812022.2,812114.3,00:13:32.022
1390,most,812127.5,812456.4,00:13:32.127
1391,interesting,812469.6,813167.0,00:13:32.470
1392,phases,813180.1,813759.1,00:13:33.180
1393,are,813772.2,813943.2,00:13:33.772
1394,not,813956.4,814272.2,00:13:33.956
1395,even,814285.4,814588.0,00:13:34.285
1396,on,814601.2,814732.7,00:13:34.601
1397,the,814745.9,814824.9,00:13:34.746
1398,convex,814838.0,815456.4,00:13:34.838
1399,hull,815469.6,815877.5,00:13:35.470
1400,Lupine's,816785.4,817324.8,00:13:36.785
1401,verification,817338.0,818311.7,00:13:37.338
1402,layer,818324.8,818719.6,00:13:38.325
1403,uses,818732.8,819167.0,00:13:38.733
1404,build-locked,819180.1,819943.3,00:13:39.180
1405,Lean,819956.4,820259.0,00:13:39.956
1406,4,820272.2,820588.0,00:13:40.272
1407,theorems,820601.2,821193.3,00:13:40.601
1408,to,821206.4,821338.0,00:13:41.206
1409,state,821351.2,821772.2,00:13:41.351
1410,what,821785.4,821982.8,00:13:41.785
1411,is,821995.9,822153.8,00:13:41.996
1412,proven,822167.0,822785.4,00:13:42.167
1413,and,822798.5,822982.7,00:13:42.799
1414,what,822995.9,823206.5,00:13:42.996
1415,is,823219.6,823364.3,00:13:43.220
1416,not,823377.5,823811.7,00:13:43.377
1417,The,824719.6,824890.6,00:13:44.720
1418,current,824903.8,825351.2,00:13:44.904
1419,library,825364.3,826022.2,00:13:45.364
1420,contains,826035.4,826667.0,00:13:46.035
1421,77,826680.1,827640.6,00:13:46.680
1422,theorems,827653.8,828298.5,00:13:47.654
1423,with,828311.7,828548.5,00:13:48.312
1424,zero,828561.7,829035.3,00:13:48.562
1425,sorry,829048.5,829509.1,00:13:49.049
1426,proofs,829522.2,830153.8,00:13:49.522
1427,The,831061.7,831219.5,00:13:51.062
1428,system,831232.8,831772.2,00:13:51.233
1429,can,831785.4,831982.8,00:13:51.785
1430,distinguish,831995.9,832759.1,00:13:51.996
1431,three,832772.2,833074.8,00:13:52.772
1432,classes,833088.0,833680.1,00:13:53.088
1433,of,833693.2,833851.1,00:13:53.693
1434,claim,833864.3,834324.9,00:13:53.864
1435,predictions,834653.8,835351.2,00:13:54.654
1436,supported,835364.3,835982.7,00:13:55.364
1437,by,835995.9,836153.8,00:13:55.996
1438,the,836167.0,836272.2,00:13:56.167
1439,measured,836285.4,836811.7,00:13:56.285
1440,error,836824.8,837180.1,00:13:56.825
1441,field,837193.2,837653.8,00:13:57.193
1442,predictions,837995.9,838732.7,00:13:57.996
1443,bounded,838745.9,839272.2,00:13:58.746
1444,by,839285.4,839469.6,00:13:59.285
1445,explicit,839482.8,840180.1,00:13:59.483
1446,uncertainty,840193.2,841022.2,00:14:00.193
1447,and,841351.2,841561.7,00:14:01.351
1448,claims,841574.8,842114.3,00:14:01.575
1449,that,842127.5,842285.3,00:14:02.127
1450,are,842298.5,842417.0,00:14:02.299
1451,genuinely,842430.1,843140.7,00:14:02.430
1452,synthesis-dependent,843153.8,844469.6,00:14:03.154
1453,and,844482.8,844653.8,00:14:04.483
1454,cannot,844667.0,845088.0,00:14:04.667
1455,be,845101.2,845245.9,00:14:05.101
1456,supported,845259.0,845956.4,00:14:05.259
1457,by,845969.6,846127.5,00:14:05.970
1458,the,846140.6,846272.2,00:14:06.141
1459,current,846285.4,846706.4,00:14:06.285
1460,model,846719.6,847232.7,00:14:06.720
1461,That,848140.6,848469.6,00:14:08.141
1462,third,848482.8,848851.2,00:14:08.483
1463,class,848864.3,849338.0,00:14:08.864
1464,is,849351.2,849509.0,00:14:09.351
1465,not,849522.2,849838.0,00:14:09.522
1466,a,849851.2,849917.0,00:14:09.851
1467,failure,849930.1,850588.0,00:14:09.930
1468,It,851495.9,851680.1,00:14:11.496
1469,is,851693.2,851864.3,00:14:11.693
1470,a,851877.5,851956.4,00:14:11.877
1471,guardrail,851969.6,852745.9,00:14:11.970
1472,It,853653.8,853824.8,00:14:13.654
1473,prevents,853838.0,854351.2,00:14:13.838
1474,a,854364.3,854456.5,00:14:14.364
1475,team,854469.6,854877.5,00:14:14.470
1476,from,854890.6,855127.5,00:14:14.891
1477,promising,855140.6,855772.2,00:14:15.141
1478,a,855785.4,855877.5,00:14:15.785
1479,phase,855890.6,856338.0,00:14:15.891
1480,whose,856351.2,856614.3,00:14:16.351
1481,stability,856627.5,857311.7,00:14:16.627
1482,cannot,857324.8,857732.7,00:14:17.325
1483,be,857745.9,857877.5,00:14:17.746
1484,separated,857890.6,858640.6,00:14:17.891
1485,from,858653.8,858851.2,00:14:18.654
1486,the,858864.3,858982.7,00:14:18.864
1487,curing,858995.9,859443.3,00:14:18.996
1488,path,859456.4,859864.3,00:14:19.456
1489,used,859877.5,860219.6,00:14:19.877
1490,to,860232.8,860324.9,00:14:20.233
1491,make,860338.0,860627.5,00:14:20.338
1492,it,860640.6,860877.5,00:14:20.641
1493,This,861785.4,862088.0,00:14:21.785
1494,discipline,862101.2,862732.7,00:14:22.101
1495,matters,862745.9,863245.9,00:14:22.746
1496,commercially,863259.0,864101.2,00:14:23.259
1497,Investors,865009.0,865851.2,00:14:25.009
1498,and,865864.3,866088.0,00:14:25.864
1499,offtake,866101.2,866667.0,00:14:26.101
1500,partners,866680.1,867285.4,00:14:26.680
1501,routinely,867298.5,867917.0,00:14:27.299
1502,ask,867930.1,868324.9,00:14:27.930
1503,whether,868338.0,868667.0,00:14:28.338
1504,a,868680.1,868745.9,00:14:28.680
1505,predicted,868759.0,869364.3,00:14:28.759
1506,binder,869377.5,869930.1,00:14:29.377
1507,will,869943.2,870114.3,00:14:29.943
1508,scale,870127.5,870680.1,00:14:30.127
1509,A,871588.0,871706.4,00:14:31.588
1510,probability,871719.6,872588.0,00:14:31.720
1511,value,872601.2,873206.4,00:14:32.601
1512,or,873219.6,873443.2,00:14:33.220
1513,a,873456.4,873561.7,00:14:33.456
1514,DFT,873574.8,874311.7,00:14:33.575
1515,energy,874324.8,874838.0,00:14:34.325
1516,alone,874851.2,875338.0,00:14:34.851
1517,cannot,875351.2,875798.5,00:14:35.351
1518,answer,875811.7,876285.4,00:14:35.812
1519,that,876298.5,876548.5,00:14:36.299
1520,question,876561.7,877232.7,00:14:36.562
1521,A,878140.6,878219.6,00:14:38.141
1522,machine-checked,878232.8,879101.2,00:14:38.233
1523,boundary,879114.3,879719.6,00:14:39.114
1524,between,879732.8,880193.3,00:14:39.733
1525,supported,880206.4,880890.6,00:14:40.206
1526,and,880903.8,881167.0,00:14:40.904
1527,unsupported,881180.1,881982.8,00:14:41.180
1528,claims,881995.9,882495.9,00:14:41.996
1529,can,882509.0,882956.4,00:14:42.509
1530,Cement,883864.3,884430.1,00:14:43.864
1531,is,884443.2,884627.5,00:14:44.443
1532,often,884640.6,885061.7,00:14:44.641
1533,treated,885074.8,885561.7,00:14:45.075
1534,as,885574.8,885772.2,00:14:45.575
1535,a,885785.4,885851.2,00:14:45.785
1536,special,885864.3,886390.7,00:14:45.864
1537,case,886403.8,886838.0,00:14:46.404
1538,a,887140.6,887206.4,00:14:47.141
1539,commodity,887219.6,887877.5,00:14:47.220
1540,so,887890.6,888167.0,00:14:47.891
1541,cheap,888180.1,888588.0,00:14:48.180
1542,so,888917.0,889153.8,00:14:48.917
1543,established,889167.0,889995.9,00:14:49.167
1544,and,890298.5,890469.6,00:14:50.299
1545,so,890482.8,890759.1,00:14:50.483
1546,geographically,890772.2,891719.6,00:14:50.772
1547,fragmented,891732.8,892561.7,00:14:51.733
1548,that,892574.8,892798.5,00:14:52.575
1549,innovation,892811.7,893522.2,00:14:52.812
1550,moves,893535.4,893838.0,00:14:53.535
1551,slowly,893851.2,894509.0,00:14:53.851
1552,That,895417.0,895732.7,00:14:55.417
1553,view,895745.9,895995.9,00:14:55.746
1554,misses,896009.0,896482.7,00:14:56.009
1555,the,896495.9,896640.7,00:14:56.496
1556,underlying,896653.8,897456.4,00:14:56.654
1557,computational,897469.6,898443.2,00:14:57.470
1558,structure,898456.4,899193.2,00:14:58.456
1559,The,900101.2,900232.7,00:15:00.101
1560,materials,900245.9,901048.5,00:15:00.246
1561,that,901061.7,901298.5,00:15:01.062
1562,could,901311.7,901509.1,00:15:01.312
1563,decarbonize,901522.2,902351.2,00:15:01.522
1564,cement,902364.3,902917.0,00:15:02.364
1565,are,902930.1,903114.3,00:15:02.930
1566,not,903127.5,903443.2,00:15:03.127
1567,exotic,903456.4,904206.4,00:15:03.456
1568,They,905114.3,905351.2,00:15:05.114
1569,are,905364.3,905535.4,00:15:05.364
1570,amorphous,905548.5,906180.1,00:15:05.549
1571,oxides,906193.2,906969.6,00:15:06.193
1572,metastable,907285.4,908114.3,00:15:07.285
1573,hydrates,908127.5,908916.9,00:15:08.127
1574,carbonated,909206.4,909917.0,00:15:09.206
1575,silicates,909930.1,910680.1,00:15:09.930
1576,and,911009.0,911219.6,00:15:11.009
1577,multi-component,911232.8,912259.1,00:15:11.233
1578,clinkers,912272.2,912943.2,00:15:12.272
1579,the,913285.4,913403.8,00:15:13.285
1580,same,913417.0,913811.7,00:15:13.417
1581,classes,913824.8,914417.0,00:15:13.825
1582,of,914430.1,914561.7,00:15:14.430
1583,materials,914574.8,915364.3,00:15:14.575
1584,that,915377.5,915561.7,00:15:15.377
1585,appear,915574.8,915995.9,00:15:15.575
1586,in,916009.0,916193.2,00:15:16.009
1587,batteries,916206.4,916890.6,00:15:16.206
1588,catalysts,917180.1,917956.5,00:15:17.180
1589,sorbents,918219.6,918930.1,00:15:18.220
1590,and,919180.1,919390.7,00:15:19.180
1591,refrigerants,919403.8,920351.2,00:15:19.404
1592,The,921259.0,921443.2,00:15:21.259
1593,failure,921456.4,922035.4,00:15:21.456
1594,modes,922048.5,922456.4,00:15:22.049
1595,are,922469.6,922653.8,00:15:22.470
1596,identical,922667.0,923495.9,00:15:22.667
1597,The,924558.6,924716.5,00:15:24.559
1598,seven,924729.7,925190.2,00:15:24.730
1599,target,925203.4,925703.4,00:15:25.203
1600,areas,925716.5,926203.4,00:15:25.717
1601,in,926216.5,926400.7,00:15:26.217
1602,this,926413.9,926637.5,00:15:26.414
1603,series,926650.8,927229.7,00:15:26.651
1604,water,927558.6,928071.8,00:15:27.559
1605,air,928348.1,928650.8,00:15:28.348
1606,methane,928927.0,929506.0,00:15:28.927
1607,refrigerants,929835.0,930703.4,00:15:29.835
1608,critical,930992.8,931466.5,00:15:30.993
1609,minerals,931479.7,932177.0,00:15:31.480
1610,PFAS,932479.7,933150.7,00:15:32.480
1611,and,933413.9,933637.5,00:15:33.414
1612,cement,933650.8,934177.1,00:15:33.651
1613,share,934492.8,934900.7,00:15:34.493
1614,one,934913.9,935229.7,00:15:34.914
1615,conclusion,935242.8,936058.6,00:15:35.243
1616,The,936969.2,937127.0,00:15:36.969
1617,bottleneck,937140.2,937771.8,00:15:37.140
1618,is,937785.0,937956.0,00:15:37.785
1619,not,937969.2,938271.8,00:15:37.969
1620,a,938285.0,938324.4,00:15:38.285
1621,shortage,938337.6,938890.2,00:15:38.338
1622,of,938903.4,939048.1,00:15:38.903
1623,candidate,939061.2,939666.5,00:15:39.061
1624,materials,939679.7,940600.7,00:15:39.680
1625,It,941508.6,941666.5,00:15:41.509
1626,is,941679.7,941811.2,00:15:41.680
1627,a,941824.4,941890.2,00:15:41.824
1628,shortage,941903.4,942469.2,00:15:41.903
1629,of,942482.3,942640.2,00:15:42.482
1630,trustworthy,942653.4,943429.7,00:15:42.653
1631,predictions,943442.8,944350.7,00:15:43.443
1632,Trust,945258.6,945706.0,00:15:45.259
1633,comes,945719.2,946087.6,00:15:45.719
1634,from,946100.8,946311.3,00:15:46.101
1635,measuring,946324.4,946877.0,00:15:46.324
1636,the,946890.2,946982.3,00:15:46.890
1637,shape,946995.5,947377.0,00:15:46.995
1638,of,947390.2,947521.8,00:15:47.390
1639,the,947535.0,947640.2,00:15:47.535
1640,error,947653.4,948140.2,00:15:47.653
1641,correcting,948429.7,949074.4,00:15:48.430
1642,it,949087.6,949232.3,00:15:49.088
1643,with,949245.5,949429.7,00:15:49.245
1644,analytic,949442.8,950100.7,00:15:49.443
1645,forces,950113.9,950798.1,00:15:50.114
1646,and,951127.0,951311.2,00:15:51.127
1647,proving,951324.4,951837.6,00:15:51.324
1648,which,951850.8,952127.1,00:15:51.851
1649,predictions,952140.2,952890.2,00:15:52.140
1650,can,952903.4,953113.9,00:15:52.903
1651,be,953127.0,953284.9,00:15:53.127
1652,believed,953298.1,953929.7,00:15:53.298
1653,Cement,954837.6,955469.2,00:15:54.838
1654,with,955785.0,956008.6,00:15:55.785
1655,its,956021.8,956232.3,00:15:56.022
1656,2.8,956245.5,957113.9,00:15:56.245
1657,gigatons,957127.0,957824.4,00:15:57.127
1658,of,957837.6,957995.5,00:15:57.838
1659,CO2,958008.6,958863.9,00:15:58.009
1660,per,958877.0,959153.4,00:15:58.877
1661,year,959166.5,959627.1,00:15:59.167
1662,and,959640.2,959798.1,00:15:59.640
1663,its,959811.2,959969.1,00:15:59.811
1664,amorphous,959982.3,960732.3,00:15:59.982
1665,metastable,961061.2,961863.9,00:16:01.061
1666,chemistry,961877.0,962574.4,00:16:01.877
1667,is,962916.5,963087.6,00:16:02.917
1668,one,963100.8,963311.3,00:16:03.101
1669,of,963324.4,963442.8,00:16:03.324
1670,the,963456.0,963535.0,00:16:03.456
1671,hardest,963548.1,964219.2,00:16:03.548
1672,and,964232.3,964429.7,00:16:04.232
1673,largest,964442.8,965021.8,00:16:04.443
1674,places,965035.0,965600.7,00:16:05.035
1675,to,965613.9,965758.6,00:16:05.614
1676,apply,965771.8,966232.3,00:16:05.772
1677,that,966245.5,966482.3,00:16:06.245
1678,discipline,966495.5,967166.5,00:16:06.495
1679,It,968074.4,968232.3,00:16:08.074
1680,is,968245.5,968429.7,00:16:08.245
1681,also,968442.8,968916.5,00:16:08.443
1682,one,968929.7,969153.3,00:16:08.930
1683,of,969166.5,969285.0,00:16:09.167
1684,the,969298.1,969377.1,00:16:09.298
1685,most,969390.2,969745.5,00:16:09.390
1686,consequential,969758.6,970811.2,00:16:09.759
